Workbook

Sheet bus
B1: name | C1: vn_kv | D1: type | E1: zone | F1: in_service | G1: min_vm_pu | H1: max_vm_pu
A2: 0 | B2: EEM220 | C2: 220 | D2: b | E2: Station Eemshaven 220 | F2: TRUE | G2: 0.95 | H2: 1.05
A3: 1 | B3: ENS220 | C3: 220 | D3: b | E3: Station Ens 220 | F3: TRUE | G3: 0.95 | H3: 1.05
A4: 2 | B4: HSW220 | C4: 220 | D4: b | E4: Station Hessenweg 220 | F4: TRUE | G4: 0.95 | H4: 1.05
A5: 3 | B5: LSM220 | C5: 220 | D5: b | E5: Station Louwsmeer 220 | F5: TRUE | G5: 0.95 | H5: 1.05
A6: 4 | B6: MEE220 | C6: 220 | D6: b | E6: Station Meeden 220 | F6: TRUE | G6: 0.95 | H6: 1.05
A7: 5 | B7: OHK220 | C7: 220 | D7: b | E7: Station Oudehaske 220 | F7: TRUE | G7: 0.95 | H7: 1.05
A8: 6 | B8: RBB220 | C8: 220 | D8: b | E8: Station Robbenplaat 220 | F8: TRUE | G8: 0.95 | H8: 1.05
A9: 7 | B9: VVL220 | C9: 220 | D9: b | E9: Station Vierverlaten 220 | F9: TRUE | G9: 0.95 | H9: 1.05
A10: 8 | B10: WEW220 | C10: 220 | D10: b | E10: Station Weiwerd 220 | F10: TRUE | G10: 0.95 | H10: 1.05
A11: 9 | B11: ZYV220 | C11: 220 | D11: b | E11: Station Zeyerveen 220 | F11: TRUE | G11: 0.95 | H11: 1.05
A12: 10 | B12: BKK380 | C12: 380 | D12: b | E12: Station Breukelen Kortrijk 380 | F12: TRUE | G12: 0.95 | H12: 1.05
A13: 11 | B13: BSL380 | C13: 380 | D13: b | E13: Station Borssele 380 | F13: TRUE | G13: 0.95 | H13: 1.05
... A54: 52 | B54: VOB380 | C54: 380 | D54: b | E54: Station Veenoord Boerdijk 380 | F54: TRUE | G54: 0.95 | H54: 1.05

Sheet load
B1: name | C1: bus | D1: p_mw | E1: q_mvar | F1: const_z_percent | G1: const_i_percent | H1: sn_mva | I1: scaling | J1: in_service | K1: type | L1: controllable
A2: 0 | B2: HSW220 | C2: 2 | D2: 255.23669 | E2: 83.892243 | F2: 0 | G2: 0 | I2: 1 | J2: TRUE | K2: wye | L2: FALSE
A3: 1 | B3: LSM220 | C3: 3 | D3: 623.94963 | E3: 205.08233 | F3: 0 | G3: 0 | I3: 1 | J3: TRUE | K3: wye | L3: FALSE
A4: 2 | B4: MEE220 | C4: 4 | D4: 212.67141 | E4: 69.901711 | F4: 0 | G4: 0 | I4: 1 | J4: TRUE | K4: wye | L4: FALSE
A5: 3 | B5: OHK220 | C5: 5 | D5: 89.182721 | E5: 29.312943 | F5: 0 | G5: 0 | I5: 1 | J5: TRUE | K5: wye | L5: FALSE
A6: 4 | B6: RBB220 | C6: 6 | D6: 771.92612 | E6: 253.71985 | F6: 0 | G6: 0 | I6: 1 | J6: TRUE | K6: wye | L6: FALSE
A7: 5 | B7: WEW220 | C7: 8 | D7: 131.27299 | E7: 43.147344 | F7: 0 | G7: 0 | I7: 1 | J7: TRUE | K7: wye | L7: FALSE
A8: 6 | B8: ZYV220 | C8: 9 | D8: 431.29961 | E8: 141.76133 | F8: 0 | G8: 0 | I8: 1 | J8: TRUE | K8: wye | L8: FALSE
A9: 7 | B9: BKK380 | C9: 10 | D9: 1279.3498 | E9: 420.50195 | F9: 0 | G9: 0 | I9: 1 | J9: TRUE | K9: wye | L9: FALSE
A10: 8 | B10: BSL380 | C10: 11 | D10: 536.52071 | E10: 176.34583 | F10: 0 | G10: 0 | I10: 1 | J10: TRUE | K10: wye | L10: FALSE
A11: 9 | B11: BVW380 | C11: 12 | D11: 394.43093 | E11: 129.64318 | F11: 0 | G11: 0 | I11: 1 | J11: TRUE | K11: wye | L11: FALSE
A12: 10 | B12: BWK380 | C12: 13 | D12: 162.83887 | E12: 53.522547 | F12: 0 | G12: 0 | I12: 1 | J12: TRUE | K12: wye | L12: FALSE
A13: 11 | B13: CST380 | C13: 14 | D13: 217.11852 | E13: 71.363405 | F13: 0 | G13: 0 | I13: 1 | J13: TRUE | K13: wye | L13: FALSE
... A46: 44 | B46: 380kV Germany (Wesel) - Doetichem | C46: 40 | D46: 599.2576 | E46: 196.96645 | F46: 0 | G46: 0 | I46: 1 | J46: TRUE | K46: wye | L46: FALSE

Sheet gen
B1: name | C1: bus | D1: p_mw | E1: vm_pu | F1: sn_mva | G1: min_q_mvar | H1: max_q_mvar | I1: scaling | J1: slack | K1: in_service | L1: slack_weight | M1: type | N1: controllable | O1: min_p_mw | P1: max_p_mw
A2: 0 | B2: 380kV Germany (Diele) - Groningen | C2: 38 | D2: =0.05*2000 -> 100 | E2: 1 | G2: -5000 | H2: 5000 | I2: 1 | J2: FALSE | K2: TRUE | L2: 0 | M2: External Grid | N2: TRUE | O2: -1972 | P2: 1972
A3: 1 | B3: 380kV Germany (Gronau) - Enschede | C3: 39 | D3: =0.05*2000 -> 100 | E3: 1 | G3: -5000 | H3: 5000 | I3: 1 | J3: FALSE | K3: TRUE | L3: 0 | M3: External Grid | N3: TRUE | O3: -1972 | P3: 1972
A4: 2 | B4: 380kV Germany (Rommerskirchen) - Roermond | C4: 41 | D4: =0.05*2000 -> 100 | E4: 1 | G4: -5000 | H4: 5000 | I4: 1 | J4: FALSE | K4: TRUE | L4: 0 | M4: External Grid | N4: TRUE | O4: -986 | P4: 986
A5: 3 | B5: 380kV Germany (Siersdorf) - Roermond | C5: 42 | D5: =0.05*2000 -> 100 | E5: 1 | G5: -5000 | H5: 5000 | I5: 1 | J5: FALSE | K5: TRUE | L5: 0 | M5: External Grid | N5: TRUE | O5: -986 | P5: 986
A6: 4 | B6: 380kV Belgium (Van Eyck) - Maasbracht | C6: 43 | D6: =0.05*2000 -> 100 | E6: 1 | G6: -5000 | H6: 5000 | I6: 1 | J6: FALSE | K6: TRUE | L6: 0 | M6: External Grid | N6: TRUE | O6: -1128 | P6: 1128
A7: 5 | B7: 380kV Belgium (Zandvliet) - Rilland | C7: 44 | D7: =0.05*2000 -> 100 | E7: 1 | G7: -5000 | H7: 5000 | I7: 1 | J7: FALSE | K7: TRUE | L7: 0 | M7: External Grid | N7: TRUE | O7: -1128 | P7: 1128
A8: 6 | B8: 380kV Britain (BritNed) - Maasvlakte | C8: 35 | D8: =0.050432*2000 -> 100.864 | E8: 1 | G8: -5000 | H8: 5000 | I8: 1 | J8: FALSE | K8: TRUE | L8: 0 | M8: External Grid | N8: TRUE | O8: -1000 | P8: 1000
A9: 7 | B9: 380kV Denmark (COBRA) - Eemshaven | C9: 36 | D9: =0.05*2000 -> 100 | E9: 1 | G9: -5000 | H9: 5000 | I9: 1 | J9: FALSE | K9: TRUE | L9: 0 | M9: External Grid | N9: TRUE | O9: -700 | P9: 700
A10: 8 | B10: 380kV Norway (NorNed) - Eemshaven | C10: 37 | D10: =0.24611*2000 -> 492.22 | E10: 1 | G10: -5000 | H10: 5000 | I10: 1 | J10: FALSE | K10: TRUE | L10: 0 | M10: External Grid | N10: TRUE | O10: -700 | P10: 700
A11: 9 | B11: Pergen Power Station | C11: 28 | D11: =0.6*P11 -> 75 | E11: 1 | G11: =-H11 -> -41.25 | H11: =0.33*P11 -> 41.25 | I11: 1 | J11: FALSE | K11: TRUE | L11: 0 | M11: CCGT | N11: TRUE | O11: 0 | P11: 125
A12: 10 | B12: Pergen Power Station | C12: 28 | D12: =0.6*P12 -> 75 | E12: 1 | G12: =-H12 -> -41.25 | H12: =0.33*P12 -> 41.25 | I12: 1 | J12: FALSE | K12: TRUE | L12: 0 | M12: CCGT | N12: TRUE | O12: 0 | P12: 125
A13: 11 | B13: Amylum Gas | C13: 29 | D13: =0.6*P13 -> 4.2 | E13: 1 | G13: =-H13 -> -2.31 | H13: =0.33*P13 -> 2.31 | I13: 1 | J13: FALSE | K13: TRUE | L13: 0 | M13: CCGT | N13: TRUE | O13: 0 | P13: 7
A14: 12 | B14: Corus CHP | C14: 12 | D14: =0.6*P14 -> 22.8 | E14: 1 | G14: =-H14 -> -12.54 | H14: =0.33*P14 -> 12.54 | I14: 1 | J14: FALSE | K14: TRUE | L14: 0 | M14: CCGT | N14: TRUE | O14: 0 | P14: 38
A15: 13 | B15: Kerncentrale Borssele | C15: 11 | D15: =0.98*P15 -> 475.3 | E15: 1 | G15: =-H15 -> -160.05 | H15: =0.33*P15 -> 160.05 | I15: 1 | J15: FALSE | K15: TRUE | L15: 0 | M15: Nuclear | N15: TRUE | O15: 0 | P15: 485
A16: 14 | B16: Attero Waste Incineration Plant | C16: 9 | D16: =0.6*P16 -> 28.8 | E16: 1 | G16: =-H16 -> -15.84 | H16: =0.33*P16 -> 15.84 | I16: 1 | J16: FALSE | K16: TRUE | L16: 0 | M16: Waste | N16: TRUE | O16: 0 | P16: 48
A17: 15 | B17: ELSTA centrale | C17: 11 | D17: =0.6*P17 -> 273 | E17: 1 | G17: =-H17 -> -150.15 | H17: =0.33*P17 -> 150.15 | I17: 1 | J17: FALSE | K17: TRUE | L17: 0 | M17: CCGT | N17: TRUE | O17: 0 | P17: 455
A18: 16 | B18: EnecoGen | C18: 28 | D18: =0.6*P18 -> 506.4 | E18: 1 | G18: =-H18 -> -278.52 | H18: =0.33*P18 -> 278.52 | I18: 1 | J18: FALSE | K18: TRUE | L18: 0 | M18: CCGT | N18: TRUE | O18: 0 | P18: 844
A19: 17 | B19: Centrale Bergum | C19: 3 | D19: =0.6*P19 -> 43.2 | E19: 1 | G19: =-H19 -> -23.76 | H19: =0.33*P19 -> 23.76 | I19: 1 | J19: FALSE | K19: TRUE | L19: 0 | M19: Combi | N19: TRUE | O19: 0 | P19: 72
A20: 18 | B20: Centrale Bergum | C20: 3 | D20: =0.6*P20 -> 43.2 | E20: 1 | G20: =-H20 -> -23.76 | H20: =0.33*P20 -> 23.76 | I20: 1 | J20: FALSE | K20: TRUE | L20: 0 | M20: Combi | N20: TRUE | O20: 0 | P20: 72
A21: 19 | B21: Eemscentrale | C21: 6 | D21: =0.6*P21 -> 78.6 | E21: 1 | G21: =-H21 -> -43.23 | H21: =0.33*P21 -> 43.23 | I21: 1 | J21: FALSE | K21: TRUE | L21: 0 | M21: Combi | N21: TRUE | O21: 0 | P21: 131
A22: 20 | B22: Eemscentrale | C22: 6 | D22: =0.6*P22 -> 215.4 | E22: 1 | G22: =-H22 -> -118.47 | H22: =0.33*P22 -> 118.47 | I22: 1 | J22: FALSE | K22: TRUE | L22: 0 | M22: CCGT | N22: TRUE | O22: 0 | P22: 359
A23: 21 | B23: Eemscentrale | C23: 6 | D23: =0.6*P23 -> 215.4 | E23: 1 | G23: =-H23 -> -118.47 | H23: =0.33*P23 -> 118.47 | I23: 1 | J23: FALSE | K23: TRUE | L23: 0 | M23: CCGT | N23: TRUE | O23: 0 | P23: 359
A24: 22 | B24: Eemscentrale | C24: 6 | D24: =0.6*P24 -> 216.6 | E24: 1 | G24: =-H24 -> -119.13 | H24: =0.33*P24 -> 119.13 | I24: 1 | J24: FALSE | K24: TRUE | L24: 0 | M24: CCGT | N24: TRUE | O24: 0 | P24: 361
A25: 23 | B25: Eemscentrale | C25: 18 | D25: =0.6*P25 -> 215.4 | E25: 1 | G25: =-H25 -> -118.47 | H25: =0.33*P25 -> 118.47 | I25: 1 | J25: FALSE | K25: TRUE | L25: 0 | M25: CCGT | N25: TRUE | O25: 0 | P25: 359
A26: 24 | B26: Eemscentrale | C26: 18 | D26: =0.6*P26 -> 216 | E26: 1 | G26: =-H26 -> -118.8 | H26: =0.33*P26 -> 118.8 | I26: 1 | J26: FALSE | K26: TRUE | L26: 0 | M26: CCGT | N26: TRUE | O26: 0 | P26: 360
A27: 25 | B27: Maximacentrale | C27: 25 | D27: =0.6*P27 -> 255.6 | E27: 1 | G27: =-H27 -> -140.58 | H27: =0.33*P27 -> 140.58 | I27: 1 | J27: FALSE | K27: TRUE | L27: 0 | M27: CCGT | N27: TRUE | O27: 0 | P27: 426
... A82: 80 | B82: ARN B.V. Weurt | C82: 48 | D82: =0.6*P82 -> 30 | E82: 1 | G82: =-H82 -> -16.5 | H82: =0.33*P82 -> 16.5 | I82: 1 | J82: FALSE | K82: TRUE | L82: 0 | M82: Waste | N82: TRUE | O82: 0 | P82: 50
A83: 81 | B83: Windpark Gemini | C83: 21 | D83: =0.35*gen!P83 -> 210 | E83: 1 | G83: =-H83 -> -198 | H83: =0.33*gen!P83 -> 198 | I83: 1 | J83: FALSE | K83: TRUE | L83: 0 | M83: WP | N83: TRUE | O83: 0 | P83: 600
A84: 82 | B84: Windpark Luchterduinen | C84: 13 | D84: =0.35*gen!P84 -> 45.15 | E84: 1 | G84: =-H84 -> -42.57 | H84: =0.33*gen!P84 -> 42.57 | I84: 1 | J84: FALSE | K84: TRUE | L84: 0 | M84: WP | N84: TRUE | O84: 0 | P84: 129
A85: 83 | B85: Windpark Prinses Amalia | C85: 12 | D85: =0.35*gen!P85 -> 42 | E85: 1 | G85: =-H85 -> -39.6 | H85: =0.33*gen!P85 -> 39.6 | I85: 1 | J85: FALSE | K85: TRUE | L85: 0 | M85: WP | N85: TRUE | O85: 0 | P85: 120
A86: 84 | B86: Windpark NoordzeeWind | C86: 12 | D86: =0.35*gen!P86 -> 37.8 | E86: 1 | G86: =-H86 -> -35.64 | H86: =0.33*gen!P86 -> 35.64 | I86: 1 | J86: FALSE | K86: TRUE | L86: 0 | M86: WP | N86: TRUE | O86: 0 | P86: 108
A87: 85 | B87: Windpark Prinses Alexia | C87: 15 | D87: =0.35*gen!P87 -> 42.7 | E87: 1 | G87: =-H87 -> -40.26 | H87: =0.33*gen!P87 -> 40.26 | I87: 1 | J87: FALSE | K87: TRUE | L87: 0 | M87: WP | N87: TRUE | O87: 0 | P87: 122
A88: 86 | B88: Windpark Westereems | C88: 6 | D88: =0.35*gen!P88 -> 59.85 | E88: 1 | G88: =-H88 -> -56.43 | H88: =0.33*gen!P88 -> 56.43 | I88: 1 | J88: FALSE | K88: TRUE | L88: 0 | M88: WP | N88: TRUE | O88: 0 | P88: 171
A89: 87 | B89: Windpark Noordoostpolder Water | C89: 5 | D89: =0.35*gen!P89 -> 50.4 | E89: 1 | G89: =-H89 -> -47.52 | H89: =0.33*gen!P89 -> 47.52 | I89: 1 | J89: FALSE | K89: TRUE | L89: 0 | M89: WP | N89: TRUE | O89: 0 | P89: 144
A90: 88 | B90: Windpark Noordoostpolder Land | C90: 5 | D90: =0.35*gen!P90 -> 99.75 | E90: 1 | G90: =-H90 -> -94.05 | H90: =0.33*gen!P90 -> 94.05 | I90: 1 | J90: FALSE | K90: TRUE | L90: 0 | M90: WP | N90: TRUE | O90: 0 | P90: 285
A91: 89 | B91: Windpark Krammer | C91: 28 | D91: =0.35*gen!P91 -> 35.7 | E91: 1 | G91: =-H91 -> -33.66 | H91: =0.33*gen!P91 -> 33.66 | I91: 1 | J91: FALSE | K91: TRUE | L91: 0 | M91: WP | N91: TRUE | O91: 0 | P91: 102
A92: 90 | B92: Windpark Kreekraksluis | C92: 30 | D92: =0.35*gen!P92 -> 28.875 | E92: 1 | G92: =-H92 -> -27.225 | H92: =0.33*gen!P92 -> 27.225 | I92: 1 | J92: FALSE | K92: TRUE | L92: 0 | M92: WP | N92: TRUE | O92: 0 | P92: 82.5
A93: 91 | B93: Windpark Delfzijl Noord | C93: 8 | D93: =0.35*gen!P93 -> 21.945 | E93: 1 | G93: =-H93 -> -20.691 | H93: =0.33*gen!P93 -> 20.691 | I93: 1 | J93: FALSE | K93: TRUE | L93: 0 | M93: WP | N93: TRUE | O93: 0 | P93: 62.7
A94: 92 | B94: Windpark Slufterdam | C94: 28 | D94: =0.35*gen!P94 -> 17.64 | E94: 1 | G94: =-H94 -> -16.632 | H94: =0.33*gen!P94 -> 16.632 | I94: 1 | J94: FALSE | K94: TRUE | L94: 0 | M94: WP | N94: TRUE | O94: 0 | P94: 50.4
... A109: 107 | B109: Aggregated Wind UT | C109: 10 | D109: =0.35*gen!P109 -> 12.95 | E109: 1 | G109: =-H109 -> -12.21 | H109: =0.33*gen!P109 -> 12.21 | I109: 1 | J109: FALSE | K109: TRUE | L109: 0 | M109: WP | N109: TRUE | O109: 0 | P109: 37
A110: 108 | B110: Zonnepark Vlagtwedde | C110: 4 | D110: =0.1*gen!P110 -> 11 | E110: 1 | G110: =-H110 -> -36.3 | H110: =0.33*gen!P110 -> 36.3 | I110: 1 | J110: FALSE | K110: TRUE | L110: 0 | M110: PV | N110: TRUE | O110: 0 | P110: 110
A111: 109 | B111: Zonnepark Midden-Groningen | C111: 4 | D111: =0.1*gen!P111 -> 10.2 | E111: 1 | G111: =-H111 -> -33.66 | H111: =0.33*gen!P111 -> 33.66 | I111: 1 | J111: FALSE | K111: TRUE | L111: 0 | M111: PV | N111: TRUE | O111: 0 | P111: 102
A112: 110 | B112: Zonnepark Duurkenakker | C112: 4 | D112: =0.1*gen!P112 -> 6.4 | E112: 1 | G112: =-H112 -> -21.12 | H112: =0.33*gen!P112 -> 21.12 | I112: 1 | J112: FALSE | K112: TRUE | L112: 0 | M112: PV | N112: TRUE | O112: 0 | P112: 64
A113: 111 | B113: Zonnepark Scaldia | C113: 11 | D113: =0.1*gen!P113 -> 5.45 | E113: 1 | G113: =-H113 -> -17.985 | H113: =0.33*gen!P113 -> 17.985 | I113: 1 | J113: FALSE | K113: TRUE | L113: 0 | M113: PV | N113: TRUE | O113: 0 | P113: 54.5
A114: 112 | B114: Aggregated Solar NH | C114: 29 | D114: =0.1*gen!P114 -> 722 | E114: 1 | G114: =-H114 -> -2382.6 | H114: =0.33*gen!P114 -> 2382.6 | I114: 1 | J114: FALSE | K114: TRUE | L114: 0 | M114: PV | N114: TRUE | O114: 0 | P114: 7220
A115: 113 | B115: Aggregated Solar ZH | C115: 32 | D115: =0.1*gen!P115 -> 928.9 | E115: 1 | G115: =-H115 -> -3065.37 | H115: =0.33*gen!P115 -> 3065.37 | I115: 1 | J115: FALSE | K115: TRUE | L115: 0 | M115: PV | N115: TRUE | O115: 0 | P115: 9289
A116: 114 | B116: Aggregated Solar ZL | C116: 11 | D116: =0.1*gen!P116 -> 306.6 | E116: 1 | G116: =-H116 -> -1011.78 | H116: =0.33*gen!P116 -> 1011.78 | I116: 1 | J116: FALSE | K116: TRUE | L116: 0 | M116: PV | N116: TRUE | O116: 0 | P116: 3066
A117: 115 | B117: Aggregated Solar FL | C117: 25 | D117: =0.1*gen!P117 -> 353.2 | E117: 1 | G117: =-H117 -> -1165.56 | H117: =0.33*gen!P117 -> 1165.56 | I117: 1 | J117: FALSE | K117: TRUE | L117: 0 | M117: PV | N117: TRUE | O117: 0 | P117: 3532
A118: 116 | B118: Aggregated Solar GL | C118: 17 | D118: =0.1*gen!P118 -> 1054.8 | E118: 1 | G118: =-H118 -> -3480.84 | H118: =0.33*gen!P118 -> 3480.84 | I118: 1 | J118: FALSE | K118: TRUE | L118: 0 | M118: PV | N118: TRUE | O118: 0 | P118: 10548
A119: 117 | B119: Aggregated Solar GR | C119: 6 | D119: =0.1*gen!P119 -> 514.3 | E119: 1 | G119: =-H119 -> -1697.19 | H119: =0.33*gen!P119 -> 1697.19 | I119: 1 | J119: FALSE | K119: TRUE | L119: 0 | M119: PV | N119: TRUE | O119: 0 | P119: 5143
A120: 118 | B120: Aggregated Solar FR | C120: 3 | D120: =0.1*gen!P120 -> 391.9 | E120: 1 | G120: =-H120 -> -1293.27 | H120: =0.33*gen!P120 -> 1293.27 | I120: 1 | J120: FALSE | K120: TRUE | L120: 0 | M120: PV | N120: TRUE | O120: 0 | P120: 3919
A121: 119 | B121: Aggregated Solar DR | C121: 9 | D121: =0.1*gen!P121 -> 508.9 | E121: 1 | G121: =-H121 -> -1679.37 | H121: =0.33*gen!P121 -> 1679.37 | I121: 1 | J121: FALSE | K121: TRUE | L121: 0 | M121: PV | N121: TRUE | O121: 0 | P121: 5089
... A125: 123 | B125: Aggregated Solar UT | C125: 10 | D125: =0.1*gen!P125 -> 426 | E125: 1 | G125: =-H125 -> -1405.8 | H125: =0.33*gen!P125 -> 1405.8 | I125: 1 | J125: FALSE | K125: TRUE | L125: 0 | M125: PV | N125: TRUE | O125: 0 | P125: 4260
A126: 124 | B126: Vattenfall I&II Hollandse Kust Zuid | C126: 28 | D126: =0.35*gen!P126 -> 266 | E126: 1 | G126: =-H126 -> -250.8 | H126: =0.33*gen!P126 -> 250.8 | I126: 1 | J126: FALSE | K126: TRUE | L126: 0 | M126: WP | N126: TRUE | O126: 0 | P126: 760
A127: 125 | B127: Vattenfall III&IV Hollandse Kust Zuid | C127: 28 | D127: =0.35*gen!P127 -> 266 | E127: 1 | G127: =-H127 -> -250.8 | H127: =0.33*gen!P127 -> 250.8 | I127: 1 | J127: FALSE | K127: TRUE | L127: 0 | M127: WP | N127: TRUE | O127: 0 | P127: 760
A128: 126 | B128: CrossWind Hollandse Kust Noord | C128: 12 | D128: =0.35*gen!P128 -> 265.65 | E128: 1 | G128: =-H128 -> -250.47 | H128: =0.33*gen!P128 -> 250.47 | I128: 1 | J128: FALSE | K128: TRUE | L128: 0 | M128: WP | N128: TRUE | O128: 0 | P128: 759
A129: 127 | B129: Ecowende Hollandse Kust West | C129: 12 | D129: =0.35*gen!P129 -> 264.6 | E129: 1 | G129: =-H129 -> -249.48 | H129: =0.33*gen!P129 -> 249.48 | I129: 1 | J129: FALSE | K129: TRUE | L129: 0 | M129: WP | N129: TRUE | O129: 0 | P129: 756
A130: 128 | B130: Oranje Wind Power II Hollandse kust West | C130: 12 | D130: =0.35*gen!P130 -> 245 | E130: 1 | G130: =-H130 -> -231 | H130: =0.33*gen!P130 -> 231 | I130: 1 | J130: FALSE | K130: TRUE | L130: 0 | M130: WP | N130: TRUE | O130: 0 | P130: 700
A131: 129 | B131: Site VIII Hollandse kust West | C131: 12 | D131: =0.35*gen!P131 -> 203 | E131: 1 | G131: =-H131 -> -191.4 | H131: =0.33*gen!P131 -> 191.4 | I131: 1 | J131: FALSE | K131: TRUE | L131: 0 | M131: WP | N131: TRUE | O131: 0 | P131: 580
A132: 130 | B132: Orsted I&II Borssele | C132: 11 | D132: =0.35*gen!P132 -> 263.2 | E132: 1 | G132: =-H132 -> -248.16 | H132: =0.33*gen!P132 -> 248.16 | I132: 1 | J132: FALSE | K132: TRUE | L132: 0 | M132: WP | N132: TRUE | O132: 0 | P132: 752
A133: 131 | B133: Blauwwind Borssele | C133: 11 | D133: =0.35*gen!P133 -> 256.025 | E133: 1 | G133: =-H133 -> -241.395 | H133: =0.33*gen!P133 -> 241.395 | I133: 1 | J133: FALSE | K133: TRUE | L133: 0 | M133: WP | N133: TRUE | O133: 0 | P133: 731.5
A134: 132 | B134: Two Towers Borssele | C134: 11 | D134: =0.35*gen!P134 -> 6.65 | E134: 1 | G134: =-H134 -> -6.27 | H134: =0.33*gen!P134 -> 6.27 | I134: 1 | J134: FALSE | K134: TRUE | L134: 0 | M134: WP | N134: TRUE | O134: 0 | P134: 19
A135: 133 | B135: Beta Zeevonk II Ijmuiden Ver | C135: 28 | D135: =0.35*gen!P135 -> 700 | E135: 1 | G135: =-H135 -> -660 | H135: =0.33*gen!P135 -> 660 | I135: 1 | J135: FALSE | K135: TRUE | L135: 0 | M135: WP | N135: TRUE | O135: 0 | P135: 2000
A136: 134 | B136: Alpha Noordzeker Ijmuiden Ver | C136: 11 | D136: =0.35*gen!P136 -> 700 | E136: 1 | G136: =-H136 -> -660 | H136: =0.33*gen!P136 -> 660 | I136: 1 | J136: FALSE | K136: TRUE | L136: 0 | M136: WP | N136: TRUE | O136: 0 | P136: 2000
A137: 135 | B137: Gamma A&B Ijmuiden Ver | C137: 28 | D137: =0.35*gen!P137 -> 700 | E137: 1 | G137: =-H137 -> -660 | H137: =0.33*gen!P137 -> 660 | I137: 1 | J137: FALSE | K137: TRUE | L137: 0 | M137: WP | N137: TRUE | O137: 0 | P137: 2000
... A143: 141 | B143: Energiepark Pottendijk Nieuw-Weerdinge | C143: 47 | D143: =0.35*gen!P143 -> 17.5 | E143: 1 | G143: =-H143 -> -16.5 | H143: =0.33*gen!P143 -> 16.5 | I143: 1 | J143: FALSE | K143: TRUE | L143: 0 | M143: WP | N143: TRUE | O143: 0 | P143: 50
A144: 142 | B144: BEE Stadskanaal | C144: 47 | D144: =0.1*gen!P144 -> 8.9 | E144: 1 | G144: =-H144 -> -29.37 | H144: =0.33*gen!P144 -> 29.37 | I144: 1 | J144: FALSE | K144: TRUE | L144: 0 | M144: PV | N144: TRUE | O144: 0 | P144: 89
A145: 143 | B145: BEE Lelystad | C145: 25 | D145: =0.1*gen!P145 -> 5.5 | E145: 1 | G145: =-H145 -> -18.15 | H145: =0.33*gen!P145 -> 18.15 | I145: 1 | J145: FALSE | K145: TRUE | L145: 0 | M145: PV | N145: TRUE | O145: 0 | P145: 55
A146: 144 | B146: Zonnepark Dornhout Mees Dronten | C146: 25 | D146: =0.1*gen!P146 -> 14.8 | E146: 1 | G146: =-H146 -> -48.84 | H146: =0.33*gen!P146 -> 48.84 | I146: 1 | J146: FALSE | K146: TRUE | L146: 0 | M146: PV | N146: TRUE | O146: 0 | P146: 148
A147: 145 | B147: Thijs van Oirschot Duurzaam Hilvarenbeek | C147: 46 | D147: =0.1*gen!P147 -> 5 | E147: 1 | G147: =-H147 -> -16.5 | H147: =0.33*gen!P147 -> 16.5 | I147: 1 | J147: FALSE | K147: TRUE | L147: 0 | M147: PV | N147: TRUE | O147: 0 | P147: 50
A148: 146 | B148: Zonnepark Overbetuwe Elst Gld | C148: 16 | D148: =0.1*gen!P148 -> 8 | E148: 1 | G148: =-H148 -> -26.4 | H148: =0.33*gen!P148 -> 26.4 | I148: 1 | J148: FALSE | K148: TRUE | L148: 0 | M148: PV | N148: TRUE | O148: 0 | P148: 80
A149: 147 | B149: CEE Zonnepark Fledderbosch Ten Boer | C149: 45 | D149: =0.1*gen!P149 -> 6.1 | E149: 1 | G149: =-H149 -> -20.13 | H149: =0.33*gen!P149 -> 20.13 | I149: 1 | J149: FALSE | K149: TRUE | L149: 0 | M149: PV | N149: TRUE | O149: 0 | P149: 61
A150: 148 | B150: Zonnepark Winterswijk Masterveldweg | C150: 23 | D150: =0.1*gen!P150 -> 7.4 | E150: 1 | G150: =-H150 -> -24.42 | H150: =0.33*gen!P150 -> 24.42 | I150: 1 | J150: FALSE | K150: TRUE | L150: 0 | M150: PV | N150: TRUE | O150: 0 | P150: 74
A151: 149 | B151: Solar-EP III Almelo | C151: 23 | D151: =0.1*gen!P151 -> 5.5 | E151: 1 | G151: =-H151 -> -18.15 | H151: =0.33*gen!P151 -> 18.15 | I151: 1 | J151: FALSE | K151: TRUE | L151: 0 | M151: PV | N151: TRUE | O151: 0 | P151: 55
A152: 150 | B152: Zon Noordelijk Flevoland Marknesse | C152: 20 | D152: =0.1*gen!P152 -> 5.5 | E152: 1 | G152: =-H152 -> -18.15 | H152: =0.33*gen!P152 -> 18.15 | I152: 1 | J152: FALSE | K152: TRUE | L152: 0 | M152: PV | N152: TRUE | O152: 0 | P152: 55
A153: 151 | B153: Zonnepark Aardbrandsven Budel | C153: 19 | D153: =0.1*gen!P153 -> 7.5 | E153: 1 | G153: =-H153 -> -24.75 | H153: =0.33*gen!P153 -> 24.75 | I153: 1 | J153: FALSE | K153: TRUE | L153: 0 | M153: PV | N153: TRUE | O153: 0 | P153: 75
A154: 152 | B154: Eneco Solar Ossendrecht | C154: 30 | D154: =0.1*gen!P154 -> 5.4 | E154: 1 | G154: =-H154 -> -17.82 | H154: =0.33*gen!P154 -> 17.82 | I154: 1 | J154: FALSE | K154: TRUE | L154: 0 | M154: PV | N154: TRUE | O154: 0 | P154: 54
A155: 153 | B155: Tpsolar Zuidvelde Norg | C155: 9 | D155: =0.1*gen!P155 -> 6.5 | E155: 1 | G155: =-H155 -> -21.45 | H155: =0.33*gen!P155 -> 21.45 | I155: 1 | J155: FALSE | K155: TRUE | L155: 0 | M155: PV | N155: TRUE | O155: 0 | P155: 65
... A171: 169 | B171: Zonnepark Woudbleom Slochteren | C171: 8 | D171: =0.1*gen!P171 -> 5.9 | E171: 1 | G171: =-H171 -> -19.47 | H171: =0.33*gen!P171 -> 19.47 | I171: 1 | J171: FALSE | K171: TRUE | L171: 0 | M171: PV | N171: TRUE | O171: 0 | P171: 59

Sheet ext_grid
B1: name | C1: bus | D1: vm_pu | E1: va_degree | F1: slack_weight | G1: in_service | H1: p_mw | I1: min_p_mw | J1: max_p_mw | K1: min_q_mvar | L1: max_q_mvar | M1: controllable
A2: 0 | B2: 380kV Germany (Wesel) - Doetichem | C2: 40 | D2: 1 | E2: 0 | F2: 1 | G2: TRUE | H2: 100 | I2: -1972 | J2: 1972 | K2: -5000 | L2: 5000 | M2: FALSE

Sheet line
B1: name | C1: std_type | D1: from_bus | E1: to_bus | F1: length_km | G1: r_ohm_per_km | H1: x_ohm_per_km | I1: c_nf_per_km | J1: g_us_per_km | K1: max_i_ka | L1: df | M1: parallel | N1: type | O1: in_service | P1: max_loading_percent
A2: 0 | B2: EEM220-RBB220-W | D2: 0 | E2: 6 | F2: 0.04 | G2: 0.05 | H2: 0.7 | I2: 10 | J2: 0 | K2: 4 | L2: 1 | M2: 1 | N2: 220kV | O2: TRUE | P2: 100
A3: 1 | B3: EEM220-RBB220-Z | D3: 0 | E3: 6 | F3: 0.04 | G3: 0.05 | H3: 0.7 | I3: 10 | J3: 0 | K3: 4 | L3: 1 | M3: 1 | N3: 220kV | O3: TRUE | P3: 100
A4: 2 | B4: HSW220-ENS220-W | D4: 2 | E4: 1 | F4: 31.4 | G4: 0.023853503 | H4: 0.26308917 | I4: 10 | J4: 0 | K4: 2.5 | L4: 1 | M4: 1 | N4: 220kV | O4: TRUE | P4: 100
A5: 3 | B5: HSW220-ENS220-Z | D5: 2 | E5: 1 | F5: 31.4 | G5: 0.023853503 | H5: 0.26308917 | I5: 10 | J5: 0 | K5: 2.5 | L5: 1 | M5: 1 | N5: 220kV | O5: TRUE | P5: 100
A6: 4 | B6: LSM220-VVL220-W | D6: 3 | E6: 7 | F6: 43.1 | G6: 0.023981481 | H6: 0.26407407 | I6: 10 | J6: 0 | K6: 2.5 | L6: 1 | M6: 1 | N6: 220kV | O6: TRUE | P6: 100
A7: 5 | B7: LSM220-VVL220-Z | D7: 3 | E7: 7 | F7: 43.1 | G7: 0.023981481 | H7: 0.26407407 | I7: 10 | J7: 0 | K7: 2.5 | L7: 1 | M7: 1 | N7: 220kV | O7: TRUE | P7: 100
A8: 6 | B8: LSM220-OHK220-W | D8: 3 | E8: 5 | F8: 28.5 | G8: 0.023894737 | H8: 0.26277193 | I8: 10 | J8: 0 | K8: 2.75 | L8: 1 | M8: 1 | N8: 220kV | O8: TRUE | P8: 100
A9: 7 | B9: LSM220-OHK220-Z | D9: 3 | E9: 5 | F9: 28.5 | G9: 0.023894737 | H9: 0.26277193 | I9: 10 | J9: 0 | K9: 2.75 | L9: 1 | M9: 1 | N9: 220kV | O9: TRUE | P9: 100
A10: 8 | B10: OHK220-ENS220-W | D10: 5 | E10: 1 | F10: 43.8 | G10: 0.02390411 | H10: 0.26289954 | I10: 10 | J10: 0 | K10: 2.5 | L10: 1 | M10: 1 | N10: 220kV | O10: TRUE | P10: 100
A11: 9 | B11: OHK220-ENS220-Z | D11: 5 | E11: 1 | F11: 43.8 | G11: 0.02390411 | H11: 0.26289954 | I11: 10 | J11: 0 | K11: 2.75 | L11: 1 | M11: 1 | N11: 220kV | O11: TRUE | P11: 100
A12: 10 | B12: RBB220-WEW220-G | D12: 6 | E12: 8 | F12: 25.6 | G12: 0.017070313 | H12: 0.24734375 | I12: 10 | J12: 0 | K12: 2.3 | L12: 1 | M12: 1 | N12: 220kV | O12: TRUE | P12: 100
A13: 11 | B13: RBB220-WEW220-P | D13: 6 | E13: 8 | F13: 25.6 | G13: 0.017070313 | H13: 0.24734375 | I13: 10 | J13: 0 | K13: 2.5 | L13: 1 | M13: 1 | N13: 220kV | O13: TRUE | P13: 100
... A34: 32 | B34: DTC380-HGL380-Z | D34: 17 | E34: 23 | F34: 58.7 | G34: 0.025400341 | H34: 0.27325383 | I34: 10 | J34: 0 | K34: 3.1 | L34: 1 | M34: 1 | N34: 380kV | O34: TRUE | P34: 100
A35: 33 | B35: DTC380-NDR380-W | D35: 17 | E35: 40 | F35: 10 | G35: =(0.0009*380*380)/(1000*10) -> 0.012996 | H35: =(0.03*380*380)/(1000*10) -> 0.4332 | I35: 0 | J35: 0 | K35: 4 | L35: 1 | M35: 1 | N35: 380kV | O35: TRUE | P35: 100
A36: 34 | B36: DTC380-NDR380-Z | D36: 17 | E36: 40 | F36: 10 | G36: =(0.0009*380*380)/(1000*10) -> 0.012996 | H36: =(0.03*380*380)/(1000*10) -> 0.4332 | I36: 0 | J36: 0 | K36: 4 | L36: 1 | M36: 1 | N36: 380kV | O36: TRUE | P36: 100
A37: 35 | B37: EEM380-MEE380-W | D37: 18 | E37: 27 | F37: 36.8 | G37: 0.013831522 | H37: 0.23828804 | I37: 10 | J37: 0 | K37: 4 | L37: 1 | M37: 1 | N37: 380kV | O37: TRUE | P37: 100
A38: 36 | B38: EEM380-MEE380-Z | D38: 18 | E38: 27 | F38: 36.8 | G38: 0.013831522 | H38: 0.23828804 | I38: 10 | J38: 0 | K38: 4 | L38: 1 | M38: 1 | N38: 380kV | O38: TRUE | P38: 100
A39: 37 | B39: ENS380-ZL380-W | D39: 20 | E39: 34 | F39: 32 | G39: 0.0253125 | H39: 0.27334375 | I39: 10 | J39: 0 | K39: 3.1 | L39: 1 | M39: 1 | N39: 380kV | O39: TRUE | P39: 100
A40: 38 | B40: ENS380-ZL380-Z | D40: 20 | E40: 34 | F40: 32 | G40: 0.0253125 | H40: 0.27334375 | I40: 10 | J40: 0 | K40: 3.1 | L40: 1 | M40: 1 | N40: 380kV | O40: TRUE | P40: 100
A41: 39 | B41: EOS380-EEM380-W | D41: 21 | E41: 18 | F41: 1.44 | G41: 0.013888889 | H41: 0.22916667 | I41: 10 | J41: 0 | K41: 4 | L41: 1 | M41: 1 | N41: 380kV | O41: TRUE | P41: 100
A42: 40 | B42: EOS380-EEM380-Z | D42: 21 | E42: 18 | F42: 1.44 | G42: 0.013888889 | H42: 0.22916667 | I42: 10 | J42: 0 | K42: 4 | L42: 1 | M42: 1 | N42: 380kV | O42: TRUE | P42: 100
A43: 41 | B43: GNA380-HGL380-W | D43: 39 | E43: 23 | F43: 10 | G43: =(0.0009*380*380)/(1000*10) -> 0.012996 | H43: =(0.03*380*380)/(1000*10) -> 0.4332 | I43: 0 | J43: 0 | K43: 2.5 | L43: 1 | M43: 1 | N43: 380kV | O43: TRUE | P43: 100
A44: 42 | B44: GNA380-HGL380-Z | D44: 39 | E44: 23 | F44: 10 | G44: =(0.0009*380*380)/(1000*10) -> 0.012996 | H44: =(0.03*380*380)/(1000*10) -> 0.4332 | I44: 0 | J44: 0 | K44: 2.5 | L44: 1 | M44: 1 | N44: 380kV | O44: TRUE | P44: 100
A45: 43 | B45: KIJ380-BKK380-W | D45: 24 | E45: 10 | F45: 20 | G45: 0.0235 | H45: 0.274 | I45: 10 | J45: 0 | K45: 2.5 | L45: 1 | M45: 1 | N45: 380kV | O45: TRUE | P45: 100
A46: 44 | B46: KIJ380-BWK380-W | D46: 24 | E46: 13 | F46: 18.5 | G46: 0.015297297 | H46: 0.24437838 | I46: 10 | J46: 0 | K46: 4 | L46: 1 | M46: 1 | N46: 380kV | O46: TRUE | P46: 100
A47: 45 | B47: KIJ380-BWK380-Z | D47: 24 | E47: 13 | F47: 18.5 | G47: 0.015297297 | H47: 0.24437838 | I47: 10 | J47: 0 | K47: 4 | L47: 1 | M47: 1 | N47: 380kV | O47: TRUE | P47: 100
A48: 46 | B48: KIJ380-GT380-W | D48: 24 | E48: 22 | F48: 34 | G48: 0.023382353 | H48: 0.27391176 | I48: 10 | J48: 0 | K48: 3.3 | L48: 1 | M48: 1 | N48: 380kV | O48: TRUE | P48: 100
A49: 47 | B49: KIJ380-GT380-Z | D49: 24 | E49: 22 | F49: 34 | G49: 0.023382353 | H49: 0.27391176 | I49: 10 | J49: 0 | K49: 3.3 | L49: 1 | M49: 1 | N49: 380kV | O49: TRUE | P49: 100
A50: 48 | B50: LLS380-ENS380-W | D50: 25 | E50: 20 | F50: 21 | G50: 0.023428571 | H50: 0.27252381 | I50: 10 | J50: 0 | K50: 4 | L50: 1 | M50: 1 | N50: 380kV | O50: TRUE | P50: 100
A51: 49 | B51: LLS380-ENS380-Z | D51: 25 | E51: 20 | F51: 21 | G51: 0.023428571 | H51: 0.27252381 | I51: 10 | J51: 0 | K51: 4 | L51: 1 | M51: 1 | N51: 380kV | O51: TRUE | P51: 100
A52: 50 | B52: MBT380-EHV380-W | D52: 26 | E52: 19 | F52: 48.7 | G52: 0.023264887 | H52: 0.27414784 | I52: 10 | J52: 0 | K52: 3.3 | L52: 1 | M52: 1 | N52: 380kV | O52: TRUE | P52: 100
A53: 51 | B53: MBT380-EHV380-Z | D53: 26 | E53: 19 | F53: 48.7 | G53: 0.023264887 | H53: 0.27414784 | I53: 10 | J53: 0 | K53: 3.3 | L53: 1 | M53: 1 | N53: 380kV | O53: TRUE | P53: 100
A54: 52 | B54: MBT380-RMK380-W | D54: 26 | E54: 41 | F54: 10 | G54: =(0.0009*380*380)/(1000*10) -> 0.012996 | H54: =(0.03*380*380)/(1000*10) -> 0.4332 | I54: 0 | J54: 0 | K54: 2.6 | L54: 1 | M54: 1 | N54: 380kV | O54: TRUE | P54: 100
A55: 53 | B55: MBT380-SDF380-Z | D55: 26 | E55: 42 | F55: 10 | G55: =(0.0009*380*380)/(1000*10) -> 0.012996 | H55: =(0.03*380*380)/(1000*10) -> 0.4332 | I55: 0 | J55: 0 | K55: 2.6 | L55: 1 | M55: 1 | N55: 380kV | O55: TRUE | P55: 100
A56: 54 | B56: MEE380-DIL380-W | D56: 27 | E56: 38 | F56: 10 | G56: =(0.0009*380*380)/(1000*10) -> 0.012996 | H56: =(0.03*380*380)/(1000*10) -> 0.4332 | I56: 0 | J56: 0 | K56: 1.52 | L56: 1 | M56: 1 | N56: 380kV | O56: TRUE | P56: 100
A57: 55 | B57: MEE380-DIL380-Z | D57: 27 | E57: 38 | F57: 10 | G57: =(0.0009*380*380)/(1000*10) -> 0.012996 | H57: =(0.03*380*380)/(1000*10) -> 0.4332 | I57: 0 | J57: 0 | K57: 1.52 | L57: 1 | M57: 1 | N57: 380kV | O57: TRUE | P57: 100
A58: 56 | B58: MVL380-CST380-W | D58: 28 | E58: 14 | F58: 66 | G58: 0.015384615 | H58: 0.24230769 | I58: 10 | J58: 0 | K58: 4 | L58: 1 | M58: 1 | N58: 380kV | O58: TRUE | P58: 100
A59: 57 | B59: MVL380-CST380-Z | D59: 28 | E59: 14 | F59: 66 | G59: 0.015384615 | H59: 0.24230769 | I59: 10 | J59: 0 | K59: 4 | L59: 1 | M59: 1 | N59: 380kV | O59: TRUE | P59: 100
A60: 58 | B60: OZN380-DIM380-G | D60: 29 | E60: 15 | F60: 15.2 | G60: 0.023355263 | H60: 0.27375 | I60: 10 | J60: 0 | K60: 3 | L60: 1 | M60: 1 | N60: 380kV | O60: TRUE | P60: 100
A61: 59 | B61: RLL380-ZVL380-G | D61: 30 | E61: 44 | F61: 10 | G61: =(0.0009*380*380)/(1000*10) -> 0.012996 | H61: =(0.03*380*380)/(1000*10) -> 0.4332 | I61: 0 | J61: 0 | K61: 2.5 | L61: 1 | M61: 1 | N61: 380kV | O61: TRUE | P61: 100
A62: 60 | B62: RLL380-ZVL380-W | D62: 30 | E62: 44 | F62: 10 | G62: =(0.0009*380*380)/(1000*10) -> 0.012996 | H62: =(0.03*380*380)/(1000*10) -> 0.4332 | I62: 0 | J62: 0 | K62: 2.5 | L62: 1 | M62: 1 | N62: 380kV | O62: TRUE | P62: 100
A63: 61 | B63: VYK380-MBT380-W | D63: 43 | E63: 26 | F63: 10 | G63: =(0.0009*380*380)/(1000*10) -> 0.012996 | H63: =(0.03*380*380)/(1000*10) -> 0.4332 | I63: 0 | J63: 0 | K63: 2.5 | L63: 1 | M63: 1 | N63: 380kV | O63: TRUE | P63: 100
A64: 62 | B64: VYK380-MBT380-Z | D64: 43 | E64: 26 | F64: 10 | G64: =(0.0009*380*380)/(1000*10) -> 0.012996 | H64: =(0.03*380*380)/(1000*10) -> 0.4332 | I64: 0 | J64: 0 | K64: 2.5 | L64: 1 | M64: 1 | N64: 380kV | O64: TRUE | P64: 100
A65: 63 | B65: WTR380-BWK380-W | D65: 33 | E65: 13 | F65: 22 | G65: 0.008 | H65: 0.16613636 | I65: 10 | J65: 0 | K65: 4 | L65: 1 | M65: 1 | N65: 380kV | O65: TRUE | P65: 100
A66: 64 | B66: WTR380-BWK380-Z | D66: 33 | E66: 13 | F66: 22 | G66: 0.008 | H66: 0.16613636 | I66: 10 | J66: 0 | K66: 4 | L66: 1 | M66: 1 | N66: 380kV | O66: TRUE | P66: 100
A67: 65 | B67: WTR380-WL380-W | D67: 33 | E67: 32 | F67: 6.8 | G67: 0.015147059 | H67: 0.24441176 | I67: 10 | J67: 0 | K67: 4 | L67: 1 | M67: 1 | N67: 380kV | O67: TRUE | P67: 100
A68: 66 | B68: WTR380-WL380-Z | D68: 33 | E68: 32 | F68: 6.8 | G68: 0.015147059 | H68: 0.24441176 | I68: 10 | J68: 0 | K68: 4 | L68: 1 | M68: 1 | N68: 380kV | O68: TRUE | P68: 100
A69: 67 | B69: ZL380-HGL380-W | D69: 34 | E69: 23 | F69: 60.3 | G69: 0.025373134 | H69: 0.27406302 | I69: 10 | J69: 0 | K69: 3.1 | L69: 1 | M69: 1 | N69: 380kV | O69: TRUE | P69: 100
A70: 68 | B70: ZL380-HGL380-Z | D70: 34 | E70: 23 | F70: 60.3 | G70: 0.025373134 | H70: 0.27406302 | I70: 10 | J70: 0 | K70: 3.1 | L70: 1 | M70: 1 | N70: 380kV | O70: TRUE | P70: 100
A71: 69 | B71: COBRA-EOS380-W | D71: 36 | E71: 21 | F71: 10 | G71: =(0.0009*380*380)/(1000*10) -> 0.012996 | H71: =(0.03*380*380)/(1000*10) -> 0.4332 | I71: 0 | J71: 0 | K71: 4 | L71: 1 | M71: 1 | N71: 380kV | O71: TRUE | P71: 100
A72: 70 | B72: COBRA-EOS380-Z | D72: 36 | E72: 21 | F72: 10 | G72: =(0.0009*380*380)/(1000*10) -> 0.012996 | H72: =(0.03*380*380)/(1000*10) -> 0.4332 | I72: 0 | J72: 0 | K72: 4 | L72: 1 | M72: 1 | N72: 380kV | O72: TRUE | P72: 100
A73: 71 | B73: NorNed-EEM380-W | D73: 37 | E73: 18 | F73: 10 | G73: =(0.0009*380*380)/(1000*10) -> 0.012996 | H73: =(0.03*380*380)/(1000*10) -> 0.4332 | I73: 0 | J73: 0 | K73: 4 | L73: 1 | M73: 1 | N73: 380kV | O73: TRUE | P73: 100
A74: 72 | B74: NorNed-EEM380-Z | D74: 37 | E74: 18 | F74: 10 | G74: =(0.0009*380*380)/(1000*10) -> 0.012996 | H74: =(0.03*380*380)/(1000*10) -> 0.4332 | I74: 0 | J74: 0 | K74: 4 | L74: 1 | M74: 1 | N74: 380kV | O74: TRUE | P74: 100
A75: 73 | B75: BritNed-MVL380-W | D75: 35 | E75: 28 | F75: 10 | G75: =(0.0009*380*380)/(1000*10) -> 0.012996 | H75: =(0.03*380*380)/(1000*10) -> 0.4332 | I75: 0 | J75: 0 | K75: 4 | L75: 1 | M75: 1 | N75: 380kV | O75: TRUE | P75: 100
A76: 74 | B76: BritNed-MVL380-Z | D76: 35 | E76: 28 | F76: 10 | G76: =(0.0009*380*380)/(1000*10) -> 0.012996 | H76: =(0.03*380*380)/(1000*10) -> 0.4332 | I76: 0 | J76: 0 | K76: 4 | L76: 1 | M76: 1 | N76: 380kV | O76: TRUE | P76: 100
A77: 75 | B77: VVL-EOS380-P | D77: 45 | E77: 21 | F77: 40.3 | G77: 0.02 | H77: 0.27 | I77: 10 | J77: 0 | K77: 3 | L77: 1 | M77: 1 | N77: 380kV | O77: TRUE | P77: 100
A78: 76 | B78: VVL-EOS380-W | D78: 45 | E78: 21 | F78: 40.3 | G78: 0.02 | H78: 0.27 | I78: 10 | J78: 0 | K78: 3 | L78: 1 | M78: 1 | N78: 380kV | O78: TRUE | P78: 100
A79: 77 | B79: BSL-RLL380-O | D79: 11 | E79: 30 | F79: 38.8 | G79: 0.02 | H79: 0.27 | I79: 10 | J79: 0 | K79: 3 | L79: 1 | M79: 1 | N79: 380kV | O79: TRUE | P79: 100
A80: 78 | B80: BSL-RLL380-P | D80: 11 | E80: 30 | F80: 38.8 | G80: 0.02 | H80: 0.27 | I80: 10 | J80: 0 | K80: 3 | L80: 1 | M80: 1 | N80: 380kV | O80: TRUE | P80: 100
A81: 79 | B81: KIJ380-DIM380-Z | D81: 24 | E81: 15 | F81: 58.099 | G81: =1.36/F81 -> 0.02340832 | H81: =15.904/F81 -> 0.27373965 | I81: 10 | J81: 0 | K81: 2.5 | L81: 1 | M81: 1 | N81: 380kV | O81: TRUE | P81: 100
A82: 80 | B82: DIM380-OZN380-Z | D82: 15 | E82: 29 | F82: 15.451 | G82: =0.362/F82 -> 0.023428904 | H82: =4.23/F82 -> 0.27376869 | I82: 10 | J82: 0 | K82: 3 | L82: 1 | M82: 1 | N82: 380kV | O82: TRUE | P82: 100
A83: 81 | B83: RLL-TB380-A | D83: 30 | E83: 46 | F83: 77.7 | G83: 0.02 | H83: 0.27 | I83: 10 | J83: 0 | K83: 3 | L83: 1 | M83: 1 | N83: 380kV | O83: TRUE | P83: 100
A84: 82 | B84: RLL-TB380-B | D84: 30 | E84: 46 | F84: 77.7 | G84: 0.02 | H84: 0.27 | I84: 10 | J84: 0 | K84: 3 | L84: 1 | M84: 1 | N84: 380kV | O84: TRUE | P84: 100
A85: 83 | B85: GT-HLS380-W | D85: 22 | E85: 50 | F85: 47.1 | G85: 0.024575163 | H85: 0.27776144 | I85: 10 | J85: 0 | K85: 3.1 | L85: 1 | M85: 1 | N85: 380kV | O85: TRUE | P85: 100
A86: 84 | B86: GT-HLS380-Z | D86: 22 | E86: 50 | F86: 47.1 | G86: 0.024575163 | H86: 0.27776144 | I86: 10 | J86: 0 | K86: 3.1 | L86: 1 | M86: 1 | N86: 380kV | O86: TRUE | P86: 100
A87: 85 | B87: HLS-RLL380-A | D87: 50 | E87: 30 | F87: 13.2 | G87: 0.024575163 | H87: 0.27776144 | I87: 10 | J87: 0 | K87: 3.1 | L87: 1 | M87: 1 | N87: 380kV | O87: TRUE | P87: 100
A88: 86 | B88: HLS-RLL380-B | D88: 50 | E88: 30 | F88: 13.2 | G88: 0.024575163 | H88: 0.27776144 | I88: 10 | J88: 0 | K88: 3.1 | L88: 1 | M88: 1 | N88: 380kV | O88: TRUE | P88: 100
A89: 87 | B89: GT380-TB380-G | D89: 22 | E89: 46 | F89: 21.7 | G89: 0.023004695 | H89: 0.29774648 | I89: 10 | J89: 0 | K89: 3.1 | L89: 1 | M89: 1 | N89: 380kV | O89: TRUE | P89: 100
A90: 88 | B90: GT380-TB380-W | D90: 22 | E90: 46 | F90: 21.7 | G90: 0.023004695 | H90: 0.29774648 | I90: 10 | J90: 0 | K90: 2.5 | L90: 1 | M90: 1 | N90: 380kV | O90: TRUE | P90: 100
A91: 89 | B91: GT380-TB380-Z | D91: 22 | E91: 46 | F91: 21.7 | G91: 0.023004695 | H91: 0.29774648 | I91: 10 | J91: 0 | K91: 3.1 | L91: 1 | M91: 1 | N91: 380kV | O91: TRUE | P91: 100
A92: 90 | B92: TB380-EHV380-G | D92: 46 | E92: 19 | F92: 43.5 | G92: 0.023004695 | H92: 0.29774648 | I92: 10 | J92: 0 | K92: 3.1 | L92: 1 | M92: 1 | N92: 380kV | O92: TRUE | P92: 100
A93: 91 | B93: TB380-EHV380-W | D93: 46 | E93: 19 | F93: 43.5 | G93: 0.023004695 | H93: 0.29774648 | I93: 10 | J93: 0 | K93: 2.5 | L93: 1 | M93: 1 | N93: 380kV | O93: TRUE | P93: 100
A94: 92 | B94: TB380-EHV380-Z | D94: 46 | E94: 19 | F94: 43.5 | G94: 0.023004695 | H94: 0.29774648 | I94: 10 | J94: 0 | K94: 3.1 | L94: 1 | M94: 1 | N94: 380kV | O94: TRUE | P94: 100
... A122: 120 | B122: KIJ380-GT380-P | D122: 24 | E122: 22 | F122: 34 | G122: 0.02 | H122: 0.27 | I122: 10 | J122: 0 | K122: 3 | L122: 1 | M122: 1 | N122: 380kV | O122: TRUE | P122: 100

Sheet trafo
B1: name | C1: std_type | D1: hv_bus | E1: lv_bus | F1: sn_mva | G1: vn_hv_kv | H1: vn_lv_kv | I1: vk_percent | J1: vkr_percent | K1: pfe_kw | L1: i0_percent | M1: shift_degree | N1: tap_side | O1: tap_neutral | P1: tap_min | Q1: tap_max | R1: tap_step_percent | S1: tap_step_degree | T1: tap_pos | U1: tap_phase_shifter | V1: parallel | W1: df | X1: in_service | Y1: tp_pos | Z1: max_loading_percent
A2: 0 | B2: Transformer EEM380 - EEM220 | D2: 18 | E2: 0 | F2: 2250 | G2: 380 | H2: 220 | I2: 8 | J2: 0.06 | K2: 0 | L2: 0 | M2: 0 | U2: FALSE | V2: 1 | W2: 1 | X2: TRUE | Y2: 0 | Z2: 100
A3: 1 | B3: Transformer ENS380 - ENS220 | D3: 20 | E3: 1 | F3: 1000 | G3: 380 | H3: 220 | I3: 8 | J3: 0.06 | K3: 0 | L3: 0 | M3: 0 | U3: FALSE | V3: 1 | W3: 1 | X3: TRUE | Y3: 0 | Z3: 100
A4: 2 | B4: Transformer MEE380 - MEE220 | D4: 27 | E4: 4 | F4: 750 | G4: 380 | H4: 220 | I4: 8 | J4: 0.06 | K4: 0 | L4: 0 | M4: 0 | U4: FALSE | V4: 1 | W4: 1 | X4: TRUE | Y4: 0 | Z4: 100
A5: 3 | B5: Transformer VLL380 - VLL220 | D5: 45 | E5: 7 | F5: 5400 | G5: 380 | H5: 220 | I5: 8 | J5: 0.06 | K5: 0 | L5: 0 | M5: 0 | U5: FALSE | V5: 1 | W5: 1 | X5: TRUE | Y5: 0 | Z5: 100

Sheet bus_geodata
B1: x | C1: y | D1: coords
A2: 0 | B2: 6.8741753 | C2: 53.42445
A3: 1 | B3: 5.811136 | C3: 52.618528
A4: 2 | B4: 6.1883994 | C4: 52.532048
A5: 3 | B5: 5.8772615 | C5: 53.189973
A6: 4 | B6: 6.9463037 | C6: 53.123551
A7: 5 | B7: 5.873315 | C7: 52.9739
A8: 6 | B8: 6.8738795 | C8: 53.424161
A9: 7 | B9: 6.4748641 | C9: 53.210517
A10: 8 | B10: 6.9576607 | C10: 53.302216
A11: 9 | B11: 6.5227311 | C11: 53.009138
A12: 10 | B12: 4.9863952 | C12: 52.160142
A13: 11 | B13: 3.7309743 | C13: 51.433105
... A54: 52 | B54: 6.8348262 | C54: 52.728921

Sheet dtypes
B1: element | C1: column | D1: dtype
A2: 0 | B2: bus | C2: name | D2: object
A3: 1 | B3: bus | C3: vn_kv | D3: float64
A4: 2 | B4: bus | C4: type | D4: object
A5: 3 | B5: bus | C5: zone | D5: object
A6: 4 | B6: bus | C6: in_service | D6: bool
A7: 5 | B7: bus | C7: min_vm_pu | D7: float64
A8: 6 | B8: bus | C8: max_vm_pu | D8: float64
A9: 7 | B9: gen | C9: name | D9: object
A10: 8 | B10: gen | C10: bus | D10: uint32
A11: 9 | B11: gen | C11: p_mw | D11: float64
A12: 10 | B12: gen | C12: vm_pu | D12: float64
A13: 11 | B13: gen | C13: sn_mva | D13: float64
... A78: 76 | B78: bus_geodata | C78: coords | D78: object

Sheet parameters
B1: version | C1: format_version | D1: converged | E1: OPF_converged | F1: name | G1: f_hz | H1: sn_mva
A2: 0 | B2: 2.13.1 | C2: 2.12.0 | D2: FALSE | E2: FALSE | G2: 50 | H2: 1
